{
  "rmse": 0.5315216113264906,
  "mae": 0.08336945251429155,
  "model_version": "ALS_962df4d1bced",
  "rank": 25,
  "max_iter": 10,
  "reg_param": 0.01
}