{
  "rmse": 0.5865486604239968,
  "mae": 0.12757319891014596,
  "model_version": "ALS_5b8543171c6e",
  "rank": 25,
  "max_iter": 10,
  "reg_param": 0.01
}